case,quantity,value,expected,error,relative_error,tolerance,status,detail
highfre_delta_m2_hansen,circular_hansen_abs_n1,1.6700227579660065e-16,0.0,1.6700227579660065e-16,1.6700227579660064e+284,1e-12,PASS,
highfre_delta_m2_hansen,circular_hansen_abs_n2,1.0,1.0,0.0,0.0,1e-12,PASS,
highfre_delta_m2_hansen,circular_hansen_abs_n3,7.347281165575085e-17,0.0,7.347281165575085e-17,7.347281165575085e+283,1e-12,PASS,
highfre_delta_m2_hansen,circular_hansen_abs_n4,9.779836041209848e-17,0.0,9.779836041209848e-17,9.779836041209848e+283,1e-12,PASS,
highfre_delta_m2_hansen,circular_hansen_abs_n5,3.0736186132783865e-17,0.0,3.0736186132783865e-17,3.073618613278386e+283,1e-12,PASS,
highfre_delta_m2_hansen,circular_hansen_abs_n6,9.374472692860732e-17,0.0,9.374472692860732e-17,9.374472692860732e+283,1e-12,PASS,
highfre_delta_m2_hansen,circular_hansen_abs_n7,4.2383949825118845e-17,0.0,4.2383949825118845e-17,4.238394982511884e+283,1e-12,PASS,
highfre_delta_m2_hansen,circular_hansen_abs_n8,7.903093927059297e-17,0.0,7.903093927059297e-17,7.903093927059296e+283,1e-12,PASS,
lowfre_delta_m2_hansen,circular_hansen_abs_n1,1.6700227579660065e-16,0.0,1.6700227579660065e-16,1.6700227579660064e+284,1e-12,PASS,
lowfre_delta_m2_hansen,circular_hansen_abs_n2,1.0,1.0,0.0,0.0,1e-12,PASS,
lowfre_delta_m2_hansen,circular_hansen_abs_n3,7.347281165575085e-17,0.0,7.347281165575085e-17,7.347281165575085e+283,1e-12,PASS,
lowfre_delta_m2_hansen,circular_hansen_abs_n4,9.779836041209848e-17,0.0,9.779836041209848e-17,9.779836041209848e+283,1e-12,PASS,
lowfre_delta_m2_hansen,circular_hansen_abs_n5,3.0736186132783865e-17,0.0,3.0736186132783865e-17,3.073618613278386e+283,1e-12,PASS,
lowfre_delta_m2_hansen,circular_hansen_abs_n6,9.374472692860732e-17,0.0,9.374472692860732e-17,9.374472692860732e+283,1e-12,PASS,
lowfre_delta_m2_hansen,circular_hansen_abs_n7,4.2383949825118845e-17,0.0,4.2383949825118845e-17,4.238394982511884e+283,1e-12,PASS,
lowfre_delta_m2_hansen,circular_hansen_abs_n8,7.903093927059297e-17,0.0,7.903093927059297e-17,7.903093927059296e+283,1e-12,PASS,
highfre_delta_m0_hansen,circular_positive_hansen_power,1.5435273933297988e-32,0.0,1.5435273933297988e-32,1.5435273933297989e+268,1e-24,PASS,
highfre_delta_m2_finite_separation,circular_finite_separation_relative_abs_n1,1.0777336164848658e-16,0.0,1.0777336164848658e-16,1.0777336164848657e+284,1e-12,PASS,
highfre_delta_m2_finite_separation,circular_finite_separation_relative_abs_n2,1.0,1.0,0.0,0.0,1e-12,PASS,
highfre_delta_m2_finite_separation,circular_finite_separation_relative_abs_n3,5.944355269691235e-17,0.0,5.944355269691235e-17,5.944355269691235e+283,1e-12,PASS,
highfre_delta_m2_finite_separation,circular_finite_separation_relative_abs_n4,6.507081831148783e-17,0.0,6.507081831148783e-17,6.507081831148783e+283,1e-12,PASS,
highfre_delta_m2_finite_separation,circular_finite_separation_relative_abs_n5,4.2507180674324873e-17,0.0,4.2507180674324873e-17,4.250718067432487e+283,1e-12,PASS,
highfre_delta_m2_finite_separation,circular_finite_separation_relative_abs_n6,9.295779667502456e-17,0.0,9.295779667502456e-17,9.295779667502457e+283,1e-12,PASS,
highfre_delta_m2_finite_separation,circular_finite_separation_relative_abs_n7,1.4293145536618956e-17,0.0,1.4293145536618956e-17,1.4293145536618956e+283,1e-12,PASS,
highfre_delta_m2_finite_separation,circular_finite_separation_relative_abs_n8,6.989059436136097e-17,0.0,6.989059436136097e-17,6.989059436136097e+283,1e-12,PASS,
highfre_delta_m0_finite_separation,circular_positive_finite_separation_power,6.342208718890727e-41,0.0,6.342208718890727e-41,6.342208718890726e+259,1e-24,PASS,
highfre_selected_n2_keep3,active_harmonics,3.0,3.0,0.0,0.0,0.0,PASS,"active=(1, 2, 3); expected=(1, 2, 3)"
highfre_selected_n2_keep3,selected_rotating_frame_phase_abs,1.0,1.0,0.0,0.0,1e-14,PASS,
highfre_selected_n2_keep3,selected_rotating_frame_phase_angle,0.0,0.0,0.0,0.0,1e-14,PASS,
highfre_selected_n2_keep3,relative_phase_n1,0.0,0.0,0.0,0.0,1e-14,PASS,
highfre_selected_n2_keep3,relative_phase_n2,0.0,0.0,0.0,0.0,1e-14,PASS,
highfre_selected_n2_keep3,relative_phase_n3,0.0,0.0,0.0,0.0,1e-14,PASS,
lowfre_selected_n4_keep3,active_harmonics,3.0,3.0,0.0,0.0,0.0,PASS,"active=(3, 4, 5); expected=(3, 4, 5)"
lowfre_selected_n4_keep3,selected_rotating_frame_phase_abs,1.0,1.0,0.0,0.0,1e-14,PASS,
lowfre_selected_n4_keep3,selected_rotating_frame_phase_angle,0.0,0.0,0.0,0.0,1e-14,PASS,
lowfre_selected_n4_keep3,relative_phase_n3,0.0,0.0,0.0,0.0,1e-14,PASS,
lowfre_selected_n4_keep3,relative_phase_n4,0.0,0.0,0.0,0.0,1e-14,PASS,
lowfre_selected_n4_keep3,relative_phase_n5,0.0,0.0,0.0,0.0,1e-14,PASS,
highfre_selected_n1_keep8,active_harmonics,8.0,8.0,0.0,0.0,0.0,PASS,"active=(1, 2, 3, 4, 5, 6, 7, 8); expected=(1, 2, 3, 4, 5, 6, 7, 8)"
highfre_selected_n1_keep8,selected_rotating_frame_phase_abs,1.0,1.0,0.0,0.0,1e-14,PASS,
highfre_selected_n1_keep8,selected_rotating_frame_phase_angle,0.0,0.0,0.0,0.0,1e-14,PASS,
highfre_selected_n1_keep8,relative_phase_n1,0.0,0.0,0.0,0.0,1e-14,PASS,
highfre_selected_n1_keep8,relative_phase_n2,0.0,0.0,0.0,0.0,1e-14,PASS,
highfre_selected_n1_keep8,relative_phase_n3,0.0,0.0,0.0,0.0,1e-14,PASS,
highfre_selected_n1_keep8,relative_phase_n4,0.0,0.0,0.0,0.0,1e-14,PASS,
highfre_selected_n1_keep8,relative_phase_n5,0.0,0.0,0.0,0.0,1e-14,PASS,
highfre_selected_n1_keep8,relative_phase_n6,0.0,0.0,0.0,0.0,1e-14,PASS,
highfre_selected_n1_keep8,relative_phase_n7,0.0,0.0,0.0,0.0,1e-14,PASS,
highfre_selected_n1_keep8,relative_phase_n8,0.0,0.0,0.0,0.0,1e-14,PASS,
