alpha,transition_frequency_ratio,z_lz,p_tr_lz,c_out_lz,full_time_domain,transition_frequency_hz,c_post_num,c_post_peak,h_peak_post,delta_a_over_a,delta_e,post_orbits_available,lz_window_widths
0.14,1.009087867101e-01,2.557450340338e+00,9.999998949610e-01,3.240971459970e-04,0,,,,,,,,
0.16,1.507230881101e-01,1.310283052204e+00,9.997341959625e-01,1.630133079538e-02,1,8.110299605197e+01,1.628463683774e-02,1.628463683774e-02,2.682528474637e-28,3.799210417543e-02,1.735545437851e-02,1.27775e+06,240
0.18,2.147562116431e-01,7.260746610977e-01,9.895594878636e-01,1.016440251205e-01,0,,,,,,,,
0.2,2.948215537657e-01,4.281126017519e-01,9.321130059993e-01,2.515518834083e-01,0,,,,,,,,
0.22,3.927445467042e-01,2.653782237726e-01,8.112667348901e-01,3.912965879622e-01,0,,,,,,,,
0.24,5.103637067009e-01,1.714547428220e-01,6.594801712745e-01,4.738840311408e-01,0,,,,,,,,
0.26,6.495316242261e-01,1.146820085718e-01,5.135242922358e-01,4.998170600525e-01,0,,,,,,,,
0.28,8.121158961702e-01,7.900799974620e-02,3.912952275741e-01,4.880402365091e-01,0,,,,,,,,
0.3,1.000000000000e+00,5.583376272481e-02,2.958852068022e-01,4.564396468295e-01,1,5.380927173728e+02,4.564389042945e-01,4.564389042945e-01,2.677837761115e-26,1.097525595734e-02,5.197231098282e-03,175764,240
0.32,1.215084109894e+00,4.033955024324e-02,2.238898860042e-01,4.168491393169e-01,0,,,,,,,,
