alpha,q,z_lz_scaling,c_out,superradiant_allowed,a_res_over_rc,r_peri_over_x90_upper,required_cloud_fraction_for_hpeak_1e-23_at_1kpc
0.18,0.0001,0.06478,0.471771,1,29.849,0.175056,0.100361
0.18,0.001,0.6478,0.129544,1,29.8579,0.175109,0.365492
0.18,0.01,6.478,0,1,29.9471,0.175632,1e+273
0.24,0.0001,0.0153726,0.289126,1,29.7978,0.174756,0.0921153
0.24,0.001,0.153726,0.485545,1,29.8067,0.174809,0.0548515
0.24,0.01,1.53726,0.00799073,1,29.8958,0.175331,3.33298
0.3,0.0001,0.00503729,0.173735,1,29.7343,0.174384,0.0981093
0.3,0.001,0.0503729,0.444634,1,29.7432,0.174436,0.038335
0.3,0.01,0.503729,0.201075,1,29.8321,0.174957,0.0847696
0.34,0.0001,0.00269407,0.128465,1,29.6856,0.174098,0.1033
0.34,0.001,0.0269407,0.362591,1,29.6945,0.17415,0.0365987
0.34,0.01,0.269407,0.387497,1,29.7832,0.174671,0.0342464
