case,max_harmonic,active_harmonics,selected_harmonic,first_crossed_harmonic,selected_crossed,selected_t_source_s,selected_z_lz,selected_eta_abs,selected_detuning_slope_abs,higher_harmonics_already_past_at_start,lower_harmonics_not_reached_by_end,duration_yr
letter_bohr_up_q1e-3,1,1,1,1,True,109.63159126937721,0.5062259025399294,0.903719867786625,1.6133303241389467,,,4e-06
letter_bohr_up_q1e-3,8,"1,2,3,4,5,6,7,8",1,1,True,109.63159126937721,0.5062259025399296,0.9037198677866253,1.6133303241389467,"2,3,4,5,6,7,8",,4e-06
letter_bohr_up_q1e-3,16,"1,2,3,4,5,6,7,8,9,10,11,12,13,14,15,16",1,1,True,109.63159126937721,0.5062259025399294,0.903719867786625,1.6133303241389467,"2,3,4,5,6,7,8,9,10,11,12,13,14,15,16",,4e-06
letter_bohr_down_q1e-3,1,1,1,1,True,109.63159126937721,0.5062259025399294,0.903719867786625,1.6133303241389467,,,4e-06
letter_bohr_down_q1e-3,8,"1,2,3,4,5,6,7,8",1,1,True,109.63159126937721,0.5062259025399296,0.9037198677866253,1.6133303241389467,"2,3,4,5,6,7,8",,4e-06
letter_bohr_down_q1e-3,16,"1,2,3,4,5,6,7,8,9,10,11,12,13,14,15,16",1,1,True,109.63159126937721,0.5062259025399296,0.9037198677866253,1.6133303241389467,"2,3,4,5,6,7,8,9,10,11,12,13,14,15,16",,4e-06
sgwb_fine_up_q1e-2,4,"1,2,3,4",4,4,True,27208.824048919294,0.058387406582411615,0.002134946669713234,7.80647326078131e-05,,"1,2,3",0.0016
sgwb_fine_up_q1e-2,8,"1,2,3,4,5,6,7,8",4,4,True,27208.824048919294,0.058387406582411615,0.002134946669713234,7.80647326078131e-05,"5,6,7,8","1,2,3",0.0016
sgwb_fine_up_q1e-2,16,"1,2,3,4,5,6,7,8,9,10,11,12,13,14,15,16",4,4,True,27208.824048919294,0.05838740658241167,0.002134946669713235,7.80647326078131e-05,"5,6,7,8,9,10,11,12,13,14,15,16","1,2,3",0.0016
sgwb_fine_down_q1e-2,4,"1,2,3,4",4,4,True,27208.824048919294,0.058387406582411636,0.0021349466697132345,7.80647326078131e-05,,"1,2,3",0.0016
sgwb_fine_down_q1e-2,8,"1,2,3,4,5,6,7,8",4,4,True,27208.824048919294,0.058387406582411636,0.0021349466697132345,7.80647326078131e-05,"5,6,7,8","1,2,3",0.0016
sgwb_fine_down_q1e-2,16,"1,2,3,4,5,6,7,8,9,10,11,12,13,14,15,16",4,4,True,27208.824048919294,0.05838740658241169,0.0021349466697132354,7.80647326078131e-05,"5,6,7,8,9,10,11,12,13,14,15,16","1,2,3",0.0016
