case,quantity,value,expected,relative_error,status
highfre_bohr_544_to_644,constant_G,6.6742999999999994e-11,6.6742999999999994e-11,0.0000000000000000e+00,PASS
highfre_bohr_544_to_644,constant_c,2.9979245800000000e+08,2.9979245800000000e+08,0.0000000000000000e+00,PASS
highfre_bohr_544_to_644,constant_M_sun,1.9884700000000000e+30,1.9884700000000000e+30,0.0000000000000000e+00,PASS
highfre_bohr_544_to_644,constant_Mpc,3.0856775814913672e+22,3.0856775814913672e+22,0.0000000000000000e+00,PASS
highfre_bohr_544_to_644,constant_hbar,1.0545718170000000e-34,1.0545718170000000e-34,0.0000000000000000e+00,PASS
highfre_bohr_544_to_644,constant_eV,1.6021766339999999e-19,1.6021766339999999e-19,0.0000000000000000e+00,PASS
highfre_bohr_544_to_644,r_g,1.4766696910334394e+01,1.4766696910334394e+01,0.0000000000000000e+00,PASS
highfre_bohr_544_to_644,r_c,1.6407441011482661e+02,1.6407441011482661e+02,0.0000000000000000e+00,PASS
highfre_bohr_544_to_644,cloud_mass,1.9884700000000002e+24,1.9884700000000002e+24,0.0000000000000000e+00,PASS
highfre_bohr_544_to_644,cloud_amplitude_A0,5.8675596526113552e-26,5.8675596526113552e-26,0.0000000000000000e+00,PASS
highfre_bohr_544_to_644,N_axion_hbar_macro_scale,2.9342820193571910e+34,2.9342820193571910e+34,0.0000000000000000e+00,PASS
highfre_bohr_544_to_644,signed_cloud_energy_change_scale,9.9211852023613538e+37,9.9211852023613538e+37,0.0000000000000000e+00,PASS
highfre_bohr_544_to_644,high_low_energy_change_scale,9.9211852023613538e+37,9.9211852023613538e+37,0.0000000000000000e+00,PASS
highfre_bohr_544_to_644,high_low_angular_momentum_scale,0.0000000000000000e+00,0.0000000000000000e+00,0.0000000000000000e+00,PASS
highfre_bohr_544_to_644,coherence_phase_to_h_axion,0.0000000000000000e+00,0.0000000000000000e+00,0.0000000000000000e+00,PASS
highfre_bohr_544_to_644,delta_m0_waveform_geom_factor,8.9516068571400368e+01,8.9516068571400368e+01,0.0000000000000000e+00,PASS
highfre_bohr_544_to_644,delta_m0_source_angle_factor,5.3333333333333333e-01,5.3333333333333333e-01,0.0000000000000000e+00,PASS
lowfre_fine_300_to_322,constant_G,6.6742999999999994e-11,6.6742999999999994e-11,0.0000000000000000e+00,PASS
lowfre_fine_300_to_322,constant_c,2.9979245800000000e+08,2.9979245800000000e+08,0.0000000000000000e+00,PASS
lowfre_fine_300_to_322,constant_M_sun,1.9884700000000000e+30,1.9884700000000000e+30,0.0000000000000000e+00,PASS
lowfre_fine_300_to_322,constant_Mpc,3.0856775814913672e+22,3.0856775814913672e+22,0.0000000000000000e+00,PASS
lowfre_fine_300_to_322,constant_hbar,1.0545718170000000e-34,1.0545718170000000e-34,0.0000000000000000e+00,PASS
lowfre_fine_300_to_322,constant_eV,1.6021766339999999e-19,1.6021766339999999e-19,0.0000000000000000e+00,PASS
lowfre_fine_300_to_322,r_g,2.2150045365501586e+06,2.2150045365501586e+06,0.0000000000000000e+00,PASS
lowfre_fine_300_to_322,r_c,3.5440072584802538e+07,3.5440072584802538e+07,0.0000000000000000e+00,PASS
lowfre_fine_300_to_322,cloud_mass,1.4913525000000000e+32,1.4913525000000000e+32,0.0000000000000000e+00,PASS
lowfre_fine_300_to_322,cloud_amplitude_A0,6.1688195790589910e-21,6.1688195790589910e-21,0.0000000000000000e+00,PASS
lowfre_fine_300_to_322,N_axion_hbar_macro_scale,3.9612807261322065e+47,3.9612807261322065e+47,0.0000000000000000e+00,PASS
lowfre_fine_300_to_322,signed_cloud_energy_change_scale,4.3092874958111057e+45,4.3092874958111057e+45,0.0000000000000000e+00,PASS
lowfre_fine_300_to_322,high_low_energy_change_scale,4.3092874958111057e+45,4.3092874958111057e+45,0.0000000000000000e+00,PASS
lowfre_fine_300_to_322,high_low_angular_momentum_scale,7.9225614522644130e+47,7.9225614522644130e+47,0.0000000000000000e+00,PASS
lowfre_fine_300_to_322,coherence_phase_to_h_axion,0.0000000000000000e+00,0.0000000000000000e+00,0.0000000000000000e+00,PASS
lowfre_fine_300_to_322,delta_m2_waveform_geom_factor,2.5981277520334370e+01,2.5981277520334370e+01,0.0000000000000000e+00,PASS
lowfre_fine_300_to_322,delta_m2_source_angle_factor,8.0000000000000004e-01,8.0000000000000004e-01,0.0000000000000000e+00,PASS
